Title,Employee First Name,Employee Surname,Employee ID,Employee Location,Employee Age,Employee Role
Mr,Adwin,Mancera,10000001,London,18,Administrator
Dr,Badwin,Mancerab,10000002,London,19,Owner
Mr,Cadwin,Mancerac,10000003,London,20,User
Mr,Dadwin,Mancerad,10000004,London,21,Administrator
Dr,Edwin,Mancerae,10000005,London,22,Owner
Mr,Fedwin,Manceraf,10000006,London,23,User
Mr,Gedwin,Mancerag,10000007,London,24,Administrator
Dr,Hedwin,Mancerah,10000008,London,25,Owner
Mr,Iedwin,Mancerai,10000009,London,26,User
Dr,Jedwin,Mancerai,10000010,London,27,Administrator
